,Fold 1,Fold 2,Fold 3,Fold 4,Fold 5,Fold 6,Fold 7,Fold 8,Fold 9,Fold 10,mean,std
expl_var,0.1846605238044544,0.18329234514996307,0.1857145866151918,0.19058559809928555,0.17370462361531902,0.1990319072283806,0.18487405463837447,0.18081157558412864,0.12360472087653485,0.1486157280140794,0.17548956636257118,0.021367011128524474
mae,0.40494936774077966,0.39618604862898454,0.39094851338702125,0.3910265241309195,0.38739799256164165,0.38560812513153286,0.3875427835693008,0.38720179735087074,0.38986448610366936,0.3988583560821048,0.3919583994686825,0.00586316154350606
mse,0.2410599216017953,0.23444576371875653,0.22798339101312984,0.22870620041807196,0.2251223778362572,0.22207501505311367,0.22476124080084325,0.23566661368457392,0.2404830971604289,0.25133568655593935,0.23316393078429098,0.008711953109567305
rmse,0.4909785347668422,0.48419599721471934,0.47747606328812947,0.4782323707342195,0.4744706290554318,0.47124835814367955,0.47408990792975464,0.4854550583571809,0.49039075966052714,0.5013339072473947,0.4827871586397879,0.008971635124726493
r2,0.16676777444404134,0.17165213859693618,0.17769635041787513,0.18640560002501627,0.1691106836978441,0.19682412020706797,0.18214022228496984,0.1602056200825286,0.08226327115163468,0.09911001490954785,0.15921757958174618,0.0358688043064788
