,Fold 1,Fold 2,Fold 3,Fold 4,Fold 5,Fold 6,Fold 7,Fold 8,Fold 9,Fold 10,mean,std
expl_var,0.18304724865321798,0.18254856478463555,0.18487669388310501,0.1898659905254393,0.17330200343952673,0.1989179825091858,0.18420171022013887,0.1807349970453268,0.12347527280565274,0.14861703887872024,0.1749587502744949,0.021174611386876287
mae,0.4052305119537849,0.3963869169059486,0.3912211844147246,0.391225728347156,0.3875973240237256,0.38569443446334184,0.3877010080042558,0.3872473166104166,0.3899059868625705,0.39885999682933926,0.3921070408415264,0.0058910139278241696
mse,0.24148627698839153,0.23463325605867116,0.22819005834457698,0.2288948691658068,0.2252174391869498,0.22210225732562452,0.22493736324896055,0.23569502838373435,0.2405256583384363,0.2513357064932727,0.23330179135344248,0.008707429493079882
rmse,0.4914125323884114,0.48438957055109183,0.4776924306963394,0.47842958642396566,0.47457079470501534,0.4712772616259186,0.474275619496681,0.4854843235200642,0.4904341529078458,0.50133392713168,0.48293001994470125,0.008965890343565864
r2,0.16529406182814577,0.17098968739144516,0.17695093076189417,0.18573443397736744,0.16875982803683465,0.19672559342688867,0.18149934903763154,0.16010436473588063,0.08210084827559205,0.0991099434459839,0.1587269040917664,0.035701262247828124
