,Fold 1,Fold 2,Fold 3,Fold 4,Fold 5,Fold 6,Fold 7,Fold 8,Fold 9,Fold 10,mean,sd
R2,0.09845466157135596,0.08480574724619383,0.08955994400771261,0.10395129446356066,0.07565604829439476,0.09290050109634185,0.0859614891316387,0.0922611164072068,0.10089307090114308,0.08918147993751235,0.09136253530570607,0.007934997474368911
expl_var,0.09905662282026007,0.08480637534261826,0.08965375543971743,0.10403685213615821,0.07613344779949871,0.09312668467329777,0.08624309886266956,0.09239663611426818,0.10111340347991371,0.0893368192368248,0.09159036959052266,0.007916562677455895
mae,0.41740821745195983,0.41350942801854096,0.41293272129967146,0.4140272264974573,0.41831344223932315,0.4180548580171909,0.4170652085864723,0.4130516248087136,0.4114241155819605,0.41508034026465024,0.415086718276594,0.002330917380441626
mse,0.2613167428408562,0.25660046864077524,0.2574811979058848,0.2566578280455425,0.26370187256799127,0.26278381697493364,0.2607055394146678,0.25515681827047143,0.25771623525969933,0.2585347546583851,0.2590655274579208,0.0027357436119893968
rmse,0.5111914933181657,0.5065574682509135,0.5074260516625894,0.5066140819652988,0.513519106331976,0.5126244404775622,0.5105933209655878,0.5051304962784087,0.5076575964759115,0.508463130087507,0.5089777185813921,0.0026850410801358623
