,Fold 1,Fold 2,Fold 3,Fold 4,Fold 5,Fold 6,Fold 7,Fold 8,Fold 9,Fold 10,mean,sd
R2,0.07111439972677114,0.049319414867694755,0.06381098501044025,0.06971888620131073,0.0437077572392216,0.06052013912743037,0.056693181343159815,0.06584481761840688,0.07159147085820194,0.05526689547366881,0.06075879474663063,0.00899108768585294
expl_var,0.07167228544064475,0.0493265411744529,0.06390405043004166,0.06979957929386371,0.04423706634234381,0.06072155676946023,0.05685738171194288,0.06605194473542442,0.07187461933257433,0.05553006836898222,0.06099750935997309,0.008988702715659451
mae,0.4085905224787363,0.4077642770352369,0.4048413662751451,0.4088956392601593,0.4099581476981234,0.4113568246253544,0.40977588767382206,0.4055563056980826,0.4025843910342965,0.4098555225492844,0.40791788843282417,0.00260990062945158
mse,0.26924143377885784,0.2665500607533414,0.2647632509788038,0.2664631159713784,0.2728162548940192,0.27216430403672204,0.2690535574456595,0.26258219011612205,0.26611512287334593,0.26816136916014044,0.267791066000839,0.003010393538424574
rmse,0.5188847981766838,0.5162848639591726,0.5145515046900591,0.5162006547568284,0.522318154857764,0.5216936879402722,0.518703728004397,0.5124277413607913,0.515863473094719,0.5178429966313539,0.5174771603472041,0.002907665701733387
