,mean_fit_time,mean_score_time,mean_test_score,mean_train_score,param_n_neighbors,params,rank_test_score,split0_test_score,split0_train_score,split1_test_score,split1_train_score,split2_test_score,split2_train_score,std_fit_time,std_score_time,std_test_score,std_train_score
0,1.0734728177388508,11.67590626080831,-0.5209125371878025,-0.4966271857125055,20,{'n_neighbors': 20},2,-0.5199945903687059,-0.49687987558144014,-0.5226747844432932,-0.496221822421453,-0.5200682367514083,-0.4967798591346233,0.19832046453774627,0.043015186989217594,0.0012464596502453685,0.0002895287788898067
1,1.0886239210764568,9.867572943369547,-0.5261438327759581,-0.48103389488056436,11,{'n_neighbors': 11},4,-0.5253655715384754,-0.4809460270833229,-0.5285829731424688,-0.48132219345325067,-0.5244829536469299,-0.4808334641051196,0.1878464598883972,0.17491402148558594,0.0017619700870097781,0.00020897313427839398
2,1.0878218809763591,9.645068963368734,-0.5262838601501305,-0.4782895616840763,10,{'n_neighbors': 10},5,-0.5253607067242393,-0.4784241036036832,-0.5285669233179245,-0.4778087938378188,-0.5249239504082277,-0.4786357876107269,0.2046211401995905,0.06261250219439031,0.0016241863790828295,0.00035076660921075164
3,1.0858038266499836,10.080745697021484,-0.524165063348241,-0.48394698779089124,12,{'n_neighbors': 12},3,-0.5237585187327818,-0.4843838611036992,-0.5262933877997319,-0.48375337262864443,-0.5224432835122091,-0.48370372964033004,0.1969631230409242,0.11052824637391828,0.0015978703847036296,0.00030958017287401
4,1.0803658962249756,13.428343375523886,-0.5196809350196786,-0.5037779862864106,30,{'n_neighbors': 30},1,-0.5196449207830025,-0.5038023512303902,-0.5221931539032214,-0.5029929177723022,-0.5172047303728118,-0.5045386898565394,0.19410985930453659,0.21467600268081127,0.002036674593320956,0.0006312939473669004
