,Fold 1,Fold 2,Fold 3,Fold 4,Fold 5,Fold 6,Fold 7,Fold 8,Fold 9,Fold 10,mean,std
expl_var,0.18311206286582715,0.18251662659907109,0.1848256701786397,0.18983935610756586,0.17327294698960138,0.19888052082263508,0.18419266199576945,0.18067719853814757,0.12342720958890907,0.14856662792210407,0.17493108816082703,0.021183676522184763
mae,0.40523485720977354,0.39642072171017684,0.39124343831103997,0.39124382064810825,0.3876107783312342,0.38570244243402474,0.3877105921353221,0.3872575685799112,0.3899311812528338,0.3988785353402791,0.39212339359527043,0.005891558299839284
mse,0.24146830654248758,0.23464330276821788,0.22820575976024954,0.22890566052076353,0.22522692853264129,0.22211518028734326,0.22494206400008163,0.2357191037956512,0.2405571706549192,0.25137265590271707,0.2333156132765072,0.008712370567195817
rmse,0.4913942475675591,0.48439994092507677,0.4777088650634919,0.47844086418361415,0.47458079241857365,0.4712909719985555,0.47428057518739014,0.48550911813852804,0.4904662788152914,0.5013707768734802,0.4829442431171561,0.00897058061133386
r2,0.16535617731600993,0.17095419018204738,0.17689429798985856,0.18569604504893056,0.16872480443753934,0.19667885511575767,0.1814822439742616,0.16001857237307693,0.08198059030075344,0.09897750163726349,0.15867632783754987,0.03573595842593733
