Baseline,R2_mean,R2_std,expl_var_mean,expl_var_std,mae_mean,mae_std,mse_mean,mse_std,rmse_mean,rmse_std
not-clean;1-feat,0.018959819745379358,0.00221565358180307,0.018997981445397594,0.002209833698865255,0.4329450991597721,0.002378668548681287,0.27971871061393816,0.0029641836339802962,0.5288769609287085,0.00280549688139334
not-clean;65-feats,0.1290552337341492,0.004155850769045838,0.12909572794653715,0.004152204542327779,0.40590708166609524,0.0019297295010363767,0.24832613305343204,0.00267992828968765,0.49831604779636296,0.0026925010761241633
clean;1-feat,0.03835383853268508,0.0028405904456332343,0.03840170663966169,0.002853449502693166,0.4307593066572827,0.0022668382794314872,0.2741863560815143,0.0026989048251827284,0.5236217231730294,0.0025781975916992265
clean;65-feats,0.18730494779529178,0.007618440440263518,0.1873586025267478,0.007584001363262838,0.390636613112659,0.0023222958186721785,0.23171363488825616,0.0027971294696981903,0.48135764989946794,0.002906505034808632
