Baseline,R2_mean,R2_std,expl_var_mean,expl_var_std,mae_mean,mae_std,mse_mean,mse_std,rmse_mean,rmse_std
not-clean;1-feat,0.0005226780046932667,0.0008182586184153893,0.0005633763656191171,0.0008203047253580653,0.4376331211801827,0.0026012668881709973,0.2849764583505082,0.0030459119317179754,0.5338242384216746,0.0028532129306092224
not-clean;65-feats,0.0655146809125031,0.00507585211293177,0.0655524451237641,0.005054089258262828,0.4218241516987272,0.002107636149274452,0.26643503428289717,0.0021335735624594663,0.5161693226304532,0.0020651048680950025
clean;1-feat,0.03835383853268508,0.0028405904456332343,0.03840170663966169,0.002853449502693166,0.4307593066572827,0.0022668382794314872,0.2741863560815143,0.0026989048251827284,0.5236217231730294,0.0025781975916992265
clean;65-feats,0.18730494779529178,0.007618440440263518,0.1873586025267478,0.007584001363262838,0.390636613112659,0.0023222958186721785,0.23171363488825616,0.0027971294696981903,0.48135764989946794,0.002906505034808632
