,Fold 1,Fold 2,Fold 3,Fold 4,Fold 5,Fold 6,Fold 7,Fold 8,Fold 9,Fold 10,mean,std
rmse,0.4851620211292258,0.4801802790463007,0.47761011626210287,0.47885282300654913,0.484610344105787,0.4827475473703667,0.4844004813315074,0.47699188885260757,0.4834370053147237,0.47958399257550893,0.48135764989946794,0.002906505034808632
expl_var,0.1879937788717666,0.17779629085798088,0.19341959035019407,0.19948688657855818,0.1769655645952004,0.19555720615658279,0.1773346924845507,0.19058646849910177,0.18464095851081097,0.1898045883627314,0.1873586025267478,0.007584001363262838
mae,0.3954467429814193,0.3890257917927846,0.3880672236270509,0.38859641522548893,0.3909747414398271,0.39069049255232025,0.3942012191514602,0.3885155477338795,0.39032073384985855,0.3905272227725009,0.390636613112659,0.0023222958186721785
mse,0.23538218674619532,0.2305731003849832,0.22811142315589944,0.22930002610134148,0.23484718561432932,0.23304519449210442,0.23464382631419606,0.2275212620311783,0.2337113381076682,0.2300008059346658,0.23171363488825616,0.0027971294696981903
R2,0.18792913571784042,0.17763526532222818,0.1934099322217313,0.19946337451620477,0.1767992639425855,0.19555480402410774,0.17733434406413118,0.19057661170990425,0.18464010119571328,0.18970664523847092,0.18730494779529178,0.007618440440263518
