Baseline,R2_mean,R2_std,expl_var_mean,expl_var_std,mae_mean,mae_std,mse_mean,mse_std,rmse_mean,rmse_std
not-clean;1-feat,0.0189039986298006,0.0030664867611797523,0.01898070568238075,0.003097329091466965,0.4329495849506719,0.0032141211718310215,0.2797256186013269,0.0038187351201568426,0.528878577609287,0.0036150722405083042
not-clean;65-feats,0.1291238126049426,0.005570983239250371,0.12915121791917433,0.005561989199584313,0.4058710209688722,0.0020925364615562224,0.24829213366399042,0.002838891152232288,0.4982810838631485,0.0028451938697474123
clean;1-feat,0.03821619506055405,0.002470840285751183,0.038435610817550855,0.002611375684856419,0.4307634361836633,0.002719508720965892,0.2741955861006879,0.003330991538393885,0.5236272256897814,0.0031803485832025196
clean;65-feats,0.18733718244996722,0.009089449077285101,0.18745109371291602,0.009040484561525257,0.39060634620488,0.0042810652058429995,0.23169152039922408,0.005314010909311106,0.48131174387907755,0.005524998036679068
