,rmse_Fold_1,rmse_Fold_10,rmse_Fold_2,rmse_Fold_3,rmse_Fold_4,rmse_Fold_5,rmse_Fold_6,rmse_Fold_7,rmse_Fold_8,rmse_Fold_9,rmse_mean,rmse_std
0,0.48473966044395644,0.4787058834720301,0.4872507111602491,0.4803128411365032,0.48153924292456335,0.4806722508976938,0.4802335010112465,0.48135806215664045,0.4800812659456972,0.47830861422690224,0.4813202033375482,0.0025878150566544115
