Baseline,rmse_Fold_1,rmse_Fold_10,rmse_Fold_2,rmse_Fold_3,rmse_Fold_4,rmse_Fold_5,rmse_Fold_6,rmse_Fold_7,rmse_Fold_8,rmse_Fold_9,rmse_mean,rmse_std
not-clean;1-feat,0.5314330194845212,0.5285559963947645,0.5313817060108302,0.5280830433749318,0.5268262075492968,0.5295635528045244,0.5324305664498323,0.5313339383858837,0.5249722548111034,0.5242841483414572,0.5288864433607146,0.0027059584807354975
not-clean;65-feats,0.5057320586898735,0.5018013313110897,0.49341819807259296,0.499653684266543,0.495980629894016,0.4984397355246066,0.4943531228935057,0.4954284078596871,0.5004960268497664,0.4974687967464028,0.49827719921080843,0.0035761765407333426
clean;1-feat,0.5234572989622248,0.524229297582206,0.5202126825729961,0.523938423642752,0.521393971981952,0.5194388182594477,0.5267950576051915,0.5219098872612288,0.5298300208990022,0.5250676756329242,0.5236273134399927,0.002970041550827516
clean;65-feats,0.4835995078746458,0.4752459216670181,0.4827923418973093,0.48311985158754306,0.47624911719027,0.48815568700023054,0.4787322604098736,0.47839005563006437,0.48324110376608614,0.4835916140453257,0.4813117461068367,0.0037956484078659645
