,Fold 1,Fold 2,Fold 3,Fold 4,Fold 5,Fold 6,Fold 7,Fold 8,Fold 9,Fold 10,mean,std
rmse,0.48174844920776,0.47755523786091486,0.4783858480078116,0.479213121673002,0.48242846902422026,0.4875462236101308,0.4784790318996861,0.4791521447985599,0.4810871746272499,0.4876256005859243,0.481322130129526,0.003463888102362159
expl_var,0.17725337082120152,0.1933264150622398,0.20655329271787504,0.18937545271927703,0.19073155513585505,0.1704960184360328,0.18680110443691322,0.19025032466953784,0.18571171959512378,0.18390167607848973,0.18744009296725456,0.009106189543630228
mae,0.3912981864116532,0.388168002210388,0.3884405919641852,0.391075828330822,0.3916713114979547,0.3940689567388308,0.3876831343895555,0.3892505559634921,0.39022315589958734,0.39415269036961764,0.3906032413776086,0.0021809521276575784
mse,0.23208156831408172,0.22805900520839498,0.228853019574153,0.22964521598358342,0.23273722772505306,0.23770132015649964,0.2289421839676608,0.22958677786506013,0.23144486959083005,0.23777872634678338,0.23168299147321,0.003345234326758943
R2,0.17712093650092264,0.19317971822324786,0.2065174176529515,0.18936500944869428,0.19073153295933598,0.17049598989796877,0.18678817934450342,0.19019240362605516,0.18568393406997652,0.183761844640712,0.18738369663643684,0.009108216727883292
