,Fold 1,Fold 2,Fold 3,Fold 4,Fold 5,Fold 6,Fold 7,Fold 8,Fold 9,Fold 10,mean,std
rmse,0.5121293128461878,0.504819190024558,0.5059035823395,0.5126357755287345,0.5138319919310246,0.5109717961662396,0.5118041909476687,0.5006304484606233,0.5068505709137068,0.5101808522751177,0.508975771143336,0.004015420651255949
expl_var,0.09659532952436078,0.09237193006432598,0.09531883347169634,0.10945045285148036,0.09173040833254709,0.10612919298827872,0.10442246951784839,0.10910130702289655,0.11346991272201745,0.09221863745680703,0.10108084739522587,0.007871814474439751
mae,0.422673917618664,0.4113383925736684,0.4157498305603475,0.4116168722696558,0.4257626669887072,0.4226422815180086,0.4270086336392117,0.4128301053608477,0.41689944314072214,0.4224518491815776,0.4188973992851411,0.005609813725957664
mse,0.2622764330763085,0.25484241461705076,0.2559384346239392,0.26279543835194713,0.2640233159318045,0.2610921764773531,0.26194352987159775,0.25063084592588486,0.2568975012355505,0.26028450202816544,0.2590724592139601,0.004075966404151772
R2,0.09514372080000866,0.09107604342712472,0.09501507432488154,0.08252355227459018,0.07452930533173319,0.09873984944490011,0.08162107137042762,0.10836259122216485,0.10374942736413195,0.08301711603242579,0.09137777515923887,0.01024991373067312
