,Metric,10-Fold Mean Not Post-Processed,10-Fold STD Not Post-Processed,10-Fold Mean Post-Processed,10-Fold STD Post-Processed,10-Fold Mean - Change After Post-Processing Predictions
0,rmse,0.481510174041774,0.0029169016472866617,0.48135764989946794,0.002906505034808632,-0.00015252414230604305
1,expl_var,0.1868405435471472,0.00785247363444123,0.1873586025267478,0.007584001363262838,0.0005180589796006108
2,mae,0.3907881707510767,0.0023137773760441554,0.390636613112659,0.0023222958186721785,-0.00015155763841767644
3,mse,0.2318605560209594,0.0028081272495779955,0.23171363488825616,0.0027971294696981903,-0.0001469211327032316
4,R2,0.18678751497251586,0.007888021836837055,0.18730494779529178,0.007618440440263518,0.0005174328227759151
