,Fold 1,Fold 2,Fold 3,Fold 4,Fold 5,Fold 6,Fold 7,Fold 8,Fold 9,Fold 10,mean,std
rmse,0.4581399917350326,0.456739916045479,0.4541017200158065,0.4539427640355336,0.46176228844873496,0.45511933330947996,0.45834182319898964,0.4533800939078915,0.4590348049210309,0.46059928788976107,0.457116202350774,0.0027783938890686578
expl_var,0.27587140721800807,0.25686399369403845,0.2708741048176089,0.2806272624311438,0.25261634925132226,0.2850899547015592,0.263651106358861,0.26874342715857924,0.26500015855867975,0.2529029950673536,0.2672240759257154,0.010643142251540479
mae,0.3687916226791929,0.3672744100016902,0.36620641813659777,0.3661412033666342,0.3692361619590612,0.36614456494841635,0.36970060000394206,0.366021548535487,0.3681747218427886,0.3715354749319606,0.3679226726405771,0.0017908816219680713
mse,0.20989225202697576,0.20861135090923116,0.20620837212131393,0.20606403302022014,0.2132244110334127,0.2071336075520655,0.21007722689337385,0.20555350955192855,0.21071295212888888,0.21215170400455502,0.2089629419241965,0.002541293839180442
R2,0.2758696617367111,0.2559642995874185,0.2708579757003039,0.2805853168342779,0.25259273749029676,0.2849986206170827,0.26346530239406574,0.26872848413770334,0.26487566792581607,0.2525890713397877,0.2670527137763464,0.010765981417509557
