,rmse_Fold_1,rmse_Fold_10,rmse_Fold_2,rmse_Fold_3,rmse_Fold_4,rmse_Fold_5,rmse_Fold_6,rmse_Fold_7,rmse_Fold_8,rmse_Fold_9,rmse_mean,rmse_std
0,0.45906478507788195,0.45241679876010626,0.45457913372058545,0.4558748133618342,0.4623053466799283,0.4605383231020281,0.45073689293651603,0.4552333494239861,0.46005253547141733,0.4614451787133032,0.45722471572475876,0.003794500265906069
