,Fold 1,Fold 2,Fold 3,Fold 4,Fold 5,Fold 6,Fold 7,Fold 8,Fold 9,Fold 10,mean,std
rmse,0.46205087099034037,0.4540500235331025,0.46455744922860626,0.45507776030485186,0.4567007339487395,0.4550747904982975,0.4562553383828308,0.4591627108943333,0.4526217875573074,0.4587940545165072,0.45743455198549166,0.00352917208218743
expl_var,0.25834394698806074,0.281806379201228,0.27003888739150317,0.2594492628011549,0.26445654307431743,0.2582757383113341,0.2525635031495912,0.263274073648628,0.28482442104850425,0.2677913998427115,0.2660824155457033,0.009875212192003234
mae,0.3727401386550741,0.36512957922904365,0.37438819388616507,0.366585006465584,0.3679985381929691,0.3650171998394011,0.3675072592395001,0.369211060565431,0.3645091903584863,0.36919000041379646,0.3682276166845451,0.0031178482511786494
mse,0.21349100738293214,0.2061614238704109,0.21581362363378906,0.2070957679240802,0.20857556038931735,0.20709306494706936,0.20816893380283144,0.21083039507583312,0.20486648257157233,0.21049198445969577,0.20925882440575316,0.0032369411370117827
R2,0.25832848623822335,0.28160108188559996,0.26983665133837775,0.2590891206185837,0.26399167770911014,0.25826723500668103,0.25216102742176094,0.2628864089389219,0.2844742557352804,0.2675794575830843,0.2658215402475623,0.009865297680733458
