,Fold 1,Fold 2,Fold 3,Fold 4,Fold 5,Fold 6,Fold 7,Fold 8,Fold 9,Fold 10,mean,std
expl_var,0.18423451329507634,0.1848541946936172,0.18588921622985422,0.19146488556556507,0.1744356311170948,0.20045659989733544,0.18583771159740725,0.18162639850571127,0.12448998764505537,0.14892900615568205,0.1762218144702399,0.021442483014260858
mae,0.40442526382066146,0.39530564775262717,0.3906131211559757,0.3908056694213885,0.3870881419122216,0.3851731291258036,0.38715933323349455,0.38701425848141696,0.38925599096302077,0.3983661759377597,0.391520673180437,0.005774485044091857
mse,0.24099113457374066,0.23391502246805992,0.22785780687987373,0.22842157340172736,0.2248967580676955,0.22164942487153327,0.22450991847750454,0.23529715612471422,0.23994473237335714,0.25076022381172636,0.2328243751049933,0.008644666278788292
rmse,0.4909084788163071,0.48364762220862817,0.4773445368702503,0.47793469575008607,0.47423280998650386,0.4707965854501637,0.47382477613301793,0.4850743820536333,0.48984153802363184,0.5007596467485438,0.48243650720407666,0.008910197625429552
R2,0.1670055392624088,0.17352736284069903,0.17814931451603688,0.1874181259038784,0.1699434088007249,0.19836334679876866,0.18305473236138803,0.16152217645654032,0.08431779034424458,0.10117270895096397,0.16044745062356539,0.03550227984623728
