,Fold 1,Fold 2,Fold 3,Fold 4,Fold 5,Fold 6,Fold 7,Fold 8,Fold 9,Fold 10,mean,std
expl_var,0.1850148468366528,0.18420569051612612,0.18653601902415096,0.19094858489209543,0.17420040096058664,0.19929021236419553,0.18559074003536746,0.18061599535111927,0.1237216545410087,0.14841717312973246,0.17585413176510353,0.0215305734487798
mae,0.4043011442468728,0.39558662552039514,0.3906460037178756,0.3909499845120818,0.38713788163940477,0.3855647634644009,0.387234832083601,0.38747331406001567,0.3895252845487276,0.39867353138975403,0.39170933651831297,0.0057024856960277235
mse,0.2407935947608404,0.23411893875342993,0.22771695315970447,0.22856081646436058,0.22496838862080049,0.22198179782624966,0.2245660971368486,0.23556924827078451,0.24016476280764928,0.2509893218270092,0.2329429919627677,0.008649655594314697
rmse,0.49070723936053806,0.48385838708596335,0.4771969752206152,0.478080345197709,0.47430832653538824,0.47114944319849267,0.4738840545290046,0.48535476537351985,0.49006608004191565,0.5009883450011678,0.4825593961544315,0.008911854231202465
r2,0.16768834267844368,0.17280688226467067,0.17865735384134773,0.18692278569977971,0.16967903232306059,0.19716125776475524,0.18285030981202077,0.16055258024807895,0.08347810550402635,0.1003515278827255,0.16001481780189092,0.035646434891852555
