,Fold 1,Fold 2,Fold 3,Fold 4,Fold 5,Fold 6,Fold 7,Fold 8,Fold 9,Fold 10,mean,sd
R2,-0.009176905678279335,0.0010313295316466409,0.010096472977507709,0.00030505851983186894,-0.00122849789564361,-0.001993261807230695,0.010448998976280266,-0.009399309233560249,-0.001524387693664364,-0.0008844109568875158,-0.0002324913259999284,0.006268072889794084
expl_var,-0.007431597478795515,0.0011235460153296017,0.010955398580484332,0.0008528007764425638,-0.0008481927752275187,-0.0011163139114025444,0.010581940192413652,-0.0014033127082562213,-0.0013771951105769897,-0.0008362535604697907,0.001050082001994157,0.00533592185815693
mae,0.4479044997342153,0.4470089635709927,0.42690008918554445,0.4606726151674194,0.4364995057855774,0.4419119822233282,0.4357011297845338,0.4449437455985871,0.44051745313604634,0.44354672599660755,0.4425606710182852,0.00846568409190468
mse,0.28935521770274736,0.293252010716472,0.26800021007118985,0.3071355023921338,0.2778366218513522,0.2860508983835521,0.2792894903600481,0.295776579577386,0.2801815492540702,0.2841321415552453,0.2861010221864197,0.010387723691208396
rmse,0.5379174822430921,0.5415274791887038,0.5176873671157042,0.5541980714438961,0.5271020981283913,0.5348372634582897,0.5284784672624308,0.5438534541375885,0.5293217823347819,0.5330404689657675,0.5347963934278647,0.009687092596252733
