,Fold 1,Fold 2,Fold 3,Fold 4,Fold 5,Fold 6,Fold 7,Fold 8,Fold 9,Fold 10,mean,sd
R2,-1.4308956714953025,-0.9330493154852837,-2.8505500917412148,-1.1296527106465364,-3.0073441992238372,-1.4968405133174136,-1.9634646242465958,-2.886556486692942,-1.014631278697947,-1.3504391390127695,-1.8063424030559845,0.775646864596776
expl_var,-1.3301853207964678,-0.9196305342927418,-1.6345758572519915,-1.123336051798113,-2.1579670732596967,-1.3374881859149719,-1.9591266615639884,-1.6296520751778254,-0.09065900956279438,-1.3085750006133186,-1.349119577023191,0.5484365397871045
mae,0.6409899203037429,0.573576275671108,0.8571631375779979,0.6002438139346205,0.8779042770628538,0.660598136874078,0.721380530518312,0.8568212628488867,0.5738665045537561,0.6296505533724844,0.699219441271784,0.11542174007847723
mse,0.7046054280179347,0.5419847849423579,1.0889725728703454,0.6100025989977997,1.1432369600189327,0.723326692672872,0.8452506477725009,1.092474284287568,0.5774654513038265,0.667169356747865,0.7994488777632003,0.21765062335992563
rmse,0.8394077841061129,0.7361961592825366,1.04353848653049,0.7810266314267393,1.069222596103792,0.8504861507825228,0.9193751398490722,1.0452149464524358,0.7599114759653433,0.8168043564696904,0.8861183726968734,0.11934449016291081
