,Fold 1,Fold 2,Fold 3,Fold 4,Fold 5,Fold 6,Fold 7,Fold 8,Fold 9,Fold 10,mean,sd
R2,-0.006974421744702974,0.006952086297564164,-0.015758764002670622,-0.00966304449417632,-0.009785318292676592,0.010506437678596492,0.001363445101814298,-0.023100930719882395,-0.003062951272450709,-0.014034839675849842,-0.00635583011244345,0.0099132710789403
expl_var,0.0032788989774517052,0.007288532876376874,-0.014733258584587627,0.00024061515664064448,-0.007412090811236505,0.017672100175542327,0.0020245848344714323,-0.022809270128430148,0.015569615152863592,-0.014023047172448067,-0.0012903319523355772,0.012629385808728704
mae,0.4513728413140869,0.4476191382381243,0.474381769495076,0.4424230352278152,0.48569701589347103,0.4516697875065181,0.4676454688923745,0.4580445700729471,0.45372622064232565,0.4290559634618422,0.4561635810744581,0.015444148274189596
mse,0.28344578590253466,0.2988418482103214,0.3469493057440352,0.29735032927627775,0.34428436196325984,0.30462332547974186,0.3242443564845228,0.31516704246010696,0.32636869882804437,0.27522780933481933,0.3116502863683664,0.022888047578704458
rmse,0.5323962677391105,0.5466642920571284,0.5890240281550789,0.545298385543436,0.5867574984295129,0.5519269204158661,0.5694245836671638,0.5613974015437789,0.5712868796218274,0.5246215867983506,0.5578797843971254,0.02050445145287556
