,mean_fit_time,mean_score_time,mean_test_score,mean_train_score,param_C,param_gamma,param_kernel,params,rank_test_score,split0_test_score,split0_train_score,split1_test_score,split1_train_score,split2_test_score,split2_train_score,std_fit_time,std_score_time,std_test_score,std_train_score
0,0.31218496958414715,0.10901196797688802,0.5599578339588615,0.10579757214037243,50,0.5,rbf,"{'C': 50, 'kernel': 'rbf', 'gamma': 0.5}",1,0.5497686336595407,0.1059354883413528,0.5736818566815062,0.10531132367264773,0.5564187112649496,0.10614590440711673,0.006514388371549092,0.0011805613407389769,0.010079719314534484,0.0003543979960969965
