,mean_fit_time,mean_score_time,mean_test_score,mean_train_score,param_C,param_gamma,param_kernel,params,rank_test_score,split0_test_score,split0_train_score,split1_test_score,split1_train_score,split2_test_score,split2_train_score,std_fit_time,std_score_time,std_test_score,std_train_score
0,35.084172328313194,4.012697458267212,-0.5343447399095507,-0.09988743288054158,1000.0,0.0686648845004,rbf,"{'C': 1000.0, 'gamma': 0.068664884500430012, 'kernel': 'rbf'}",1,-0.5410193695035546,-0.09874225741432119,-0.5353343258148273,-0.10288005198916716,-0.5266789720068877,-0.09803998923813638,1.4671882142458725,0.08394666987953506,0.005896018361454624,0.00213543469342173
1,33.81801676750183,4.010499159495036,-0.5345353363642332,-0.10009510998252935,10.9854114199,0.159985871961,rbf,"{'C': 10.985411419875572, 'gamma': 0.15998587196060574, 'kernel': 'rbf'}",2,-0.5412443407894362,-0.09900276454095015,-0.5355820924811008,-0.10328086399536676,-0.5267780048761342,-0.09800170141127114,0.19575502933255123,0.03873863476830864,0.005951963775275297,0.002289440007240917
2,17.99333993593852,5.073808828989665,-0.5383803704950767,-0.2948184049256562,0.372759372031,754.312006335,rbf,"{'C': 0.37275937203149379, 'gamma': 754.31200633546075, 'kernel': 'rbf'}",4,-0.5441282511561698,-0.29093709265725765,-0.5397167855225333,-0.2948751041049316,-0.5312946398671532,-0.29864301801477944,0.7013679890006237,0.11433643409554556,0.005323760820291474,0.0031461863159092805
3,28.42145053545634,3.8590570290883384,-0.5345974568133425,-0.18785862765386616,0.65512855686,0.0294705170255,rbf,"{'C': 0.65512855685955096, 'gamma': 0.029470517025518096, 'kernel': 'rbf'}",3,-0.5405999387045953,-0.1845593910148832,-0.5356102330529878,-0.18875359456818766,-0.5275807777267767,-0.1902628973785276,2.310561466799545,0.014667706605986507,0.005362994939021905,0.0024129125613845063
4,12.048045873641968,4.966403245925903,-0.539607768544935,-0.49877324548184804,0.0517947467923,0.0095409547635,rbf,"{'C': 0.0517947467923121, 'gamma': 0.0095409547634999446, 'kernel': 'rbf'}",5,-0.545018616337408,-0.49581126439175843,-0.5414109426531005,-0.4981543264217587,-0.5323922854285983,-0.5023541456320268,0.03225824244173959,0.04865955237859287,0.005309961514742631,0.0027067347282005608
