,Fold 0,Fold 1,Fold 2,Fold 3,Fold 4,Fold 5,Fold 6,Fold 7,Fold 8,Fold 9,mean,std
expl_var,0.21697785165879835,0.2505853592725499,0.2620437532663823,0.2565406960540323,0.25691282988279984,0.27531326094387987,0.2630019641275464,0.2520063691897765,0.18540348895965741,0.21446072249180814,0.24332462958472312,0.026702820809491306
mae,0.39400502839905377,0.37478737223851655,0.3672871938645961,0.3703254382697551,0.36375175997266823,0.36228018238909154,0.3645238227800462,0.3661130041899695,0.37096034799882793,0.37557233012369634,0.37096064802262213,0.00879263085995432
mse,0.23057503142097616,0.2144263924566068,0.2065032718461344,0.2100669973118993,0.20251370688890738,0.20108160293964455,0.20376509887043334,0.21104387753157838,0.21594261618014637,0.22153185633548345,0.211745045178181,0.00876669321073513
rmse,0.4801822897827201,0.46306197474701677,0.45442631068869066,0.45833066372641845,0.4500152296188512,0.44842123381887766,0.45140347680366105,0.4593951213624045,0.4646962622833827,0.47067170760040744,0.46006042704324307,0.00945772948280137
r2,0.20300917169507526,0.2423849303036304,0.2551720836543462,0.2527122906152033,0.25255553412318643,0.2727507265389798,0.25854085039546326,0.2479483644457703,0.17591517852118077,0.20593914264254465,0.23669282729353808,0.029258549721115898
