,Fold 0,Fold 1,Fold 2,Fold 3,Fold 4,Fold 5,Fold 6,Fold 7,Fold 8,Fold 9,Fold 10,Fold 11,Fold 12,Fold 13,Fold 14,Fold 15,Fold 16,Fold 17,Fold 18,Fold 19,mean,std
expl_var,0.19896872789122444,0.22094705456303232,0.2184330631865652,0.22034260681901263,0.20781319990245195,0.22921797137953948,0.2192754535907423,0.21250851094075518,0.15190999139430106,0.17974158040112043,0.21697785165879835,0.2505853592725499,0.2620437532663823,0.2565406960540323,0.25691282988279984,0.27531326094387987,0.2630019641275464,0.2520063691897765,0.18540348895965741,0.21446072249180814,0.22462022279579882,0.030932806815268686
mae,0.39939863154742344,0.3844490823620837,0.38111805165910007,0.3809246417876437,0.3763732936454074,0.37593398892317803,0.37737563065644364,0.3785588807072022,0.38129764725638504,0.3890234634884621,0.39400502839905377,0.37478737223851655,0.3672871938645961,0.3703254382697551,0.36375175997266823,0.36228018238909154,0.3645238227800462,0.3661130041899695,0.37096034799882793,0.37557233012369634,0.37670298961297755,0.009728205060653066
mse,0.23522574696602333,0.22260456873184287,0.2182315082703586,0.22010554577126745,0.21557903150868024,0.2135050846750568,0.21522072925378066,0.22531893964279423,0.22994202069217026,0.23860952965588594,0.23057503142097616,0.2144263924566068,0.2065032718461344,0.2100669973118993,0.20251370688890738,0.20108160293964455,0.20376509887043334,0.21104387753157838,0.21594261618014637,0.22153185633548345,0.2175896578474835,0.010328510445257316
rmse,0.48500077006745396,0.4718098862167291,0.4671525535308124,0.46915407466126463,0.46430489067926073,0.4620661042265022,0.4639188821914675,0.47467772187326657,0.47952270091432614,0.48847674423240045,0.4801822897827201,0.46306197474701677,0.45442631068869066,0.45833066372641845,0.4500152296188512,0.44842123381887766,0.45140347680366105,0.4593951213624045,0.4646962622833827,0.47067170760040744,0.4663344299512958,0.01103889892532777
r2,0.18693380736956688,0.21348965525018282,0.21287000378815912,0.21700137943094278,0.2043335903745077,0.2278188783049736,0.21685617520179057,0.19707939855135925,0.12249035218455484,0.1447257707023336,0.20300917169507526,0.2423849303036304,0.2551720836543462,0.2527122906152033,0.25255553412318643,0.2727507265389798,0.25854085039546326,0.2479483644457703,0.17591517852118077,0.20593914264254465,0.21552636420468757,0.037522393264542826
